QueryNumber,DocNumber,DocVotes
00001,139,10
00001,151,9
00001,166,2
00001,311,2
00001,370,3
00001,392,2
00001,439,2
00001,440,3
00001,441,11
00001,454,1
00001,461,7
00001,502,4
00001,503,2
00001,505,2
00001,520,3
00001,522,2
00001,526,5
00001,527,4
00001,533,12
00001,593,2
00001,619,2
00001,737,1
00001,742,1
00001,789,2
00001,827,1
00001,835,2
00001,861,2
00001,875,7
00001,891,2
00001,921,3
00001,922,3
00001,1175,1
00001,1185,2
00001,1222,2
00002,169,2
00002,434,4
00002,454,1
00002,498,2
00002,499,2
00002,592,4
00002,875,5
00003,23,2
00003,40,1
00003,139,11
00003,190,2
00003,221,2
00003,246,2
00003,309,2
00003,311,3
00003,325,2
00003,345,1
00003,347,1
00003,356,1
00003,370,4
00003,374,2
00003,375,10
00003,439,2
00003,440,5
00003,454,6
00003,515,2
00003,520,1
00003,524,1
00003,526,3
00003,527,6
00003,533,2
00003,535,1
00003,560,1
00003,561,2
00003,571,1
00003,584,1
00003,604,4
00003,623,1
00003,633,12
00003,733,2
00003,742,3
00003,854,1
00003,856,10
00003,950,1
00003,967,2
00003,1144,6
00003,1161,2
00003,1172,2
00003,1175,2
00003,1196,4
00004,503,2
00004,538,1
00004,539,1
00004,540,1
00004,553,2
00004,604,12
00004,669,3
00004,711,11
00004,876,12
00005,23,8
00005,47,10
00005,50,2
00005,60,2
00005,114,3
00005,132,2
00005,135,2
00005,139,1
00005,151,12
00005,169,2
00005,189,2
00005,190,2
00005,197,2
00005,200,2
00005,226,2
00005,256,9
00005,265,1
00005,297,2
00005,298,2
00005,299,2
00005,311,2
00005,312,2
00005,325,5
00005,333,2
00005,343,4
00005,347,5
00005,349,2
00005,369,2
00005,370,7
00005,371,2
00005,374,12
00005,386,4
00005,392,2
00005,410,2
00005,420,2
00005,427,2
00005,428,2
00005,430,4
00005,434,2
00005,437,2
00005,439,12
00005,440,1
00005,441,2
00005,450,2
00005,461,7
00005,465,6
00005,478,2
00005,496,7
00005,497,9
00005,498,9
00005,499,11
00005,500,7
00005,501,1
00005,502,1
00005,503,10
00005,505,2
00005,511,5
00005,513,1
00005,516,3
00005,520,2
00005,524,3
00005,531,2
00005,533,9
00005,549,2
00005,553,4
00005,559,2
00005,561,1
00005,568,2
00005,590,2
00005,592,4
00005,593,12
00005,604,4
00005,605,1
00005,633,11
00005,669,1
00005,701,2
00005,702,2
00005,710,11
00005,711,4
00005,722,2
00005,724,4
00005,729,2
00005,731,4
00005,733,4
00005,750,1
00005,761,2
00005,763,2
00005,772,1
00005,779,2
00005,788,2
00005,805,9
00005,843,4
00005,845,2
00005,856,9
00005,857,2
00005,861,9
00005,864,2
00005,867,3
00005,875,12
00005,876,4
00005,888,4
00005,889,4
00005,895,7
00005,925,2
00005,935,2
00005,943,2
00005,944,2
00005,975,10
00005,980,7
00005,982,4
00005,990,4
00005,1000,4
00005,1019,2
00005,1038,2
00005,1040,2
00005,1064,8
00005,1076,2
00005,1080,2
00005,1088,2
00005,1091,2
00005,1092,4
00005,1093,4
00005,1098,2
00005,1144,8
00005,1156,2
00005,1175,5
00005,1185,2
00005,1188,2
00005,1196,2
00005,1223,2
00005,1226,2
00006,25,1
00006,31,12
00006,90,2
00006,195,1
00006,326,2
00006,370,2
00006,438,2
00006,440,1
00006,441,2
00006,503,6
00006,511,1
00006,586,2
00006,592,3
00006,593,2
00006,722,2
00006,731,2
00006,734,4
00006,805,2
00006,875,5
00006,922,1
00006,963,2
00006,975,3
00006,1092,2
00006,1093,4
00007,45,1
00007,53,2
00007,166,4
00007,171,2
00007,256,3
00007,370,2
00007,371,11
00007,386,2
00007,410,1
00007,439,3
00007,535,2
00007,623,9
00007,633,1
00007,634,1
00007,640,1
00007,669,1
00007,831,1
00007,853,1
00007,856,8
00007,857,1
00007,921,1
00007,1027,1
00007,1054,3
00007,1056,1
00007,1057,1
00007,1059,1
00007,1064,5
00007,1161,2
00008,23,10
00008,169,2
00008,322,1
00008,370,2
00008,386,2
00008,435,2
00008,439,3
00008,463,2
00008,496,2
00008,497,2
00008,498,2
00008,499,9
00008,503,2
00008,605,2
00008,683,8
00008,710,2
00008,750,1
00008,771,2
00008,867,2
00008,875,2
00008,944,2
00008,1125,8
00009,165,9
00009,174,2
00009,362,2
00009,370,2
00009,414,12
00009,443,1
00009,794,6
00009,992,3
00009,1040,2
00009,1115,5
00010,30,10
00010,126,4
00010,157,12
00010,170,8
00010,296,9
00010,301,2
00010,322,2
00010,370,3
00010,413,12
00010,443,5
00010,581,12
00010,676,11
00010,715,1
00010,722,2
00010,728,5
00010,758,2
00010,782,3
00010,835,1
00010,878,11
00010,941,2
00010,1115,10
00010,1215,1
00010,1218,11
00010,1234,2
00010,1239,5
00011,36,2
00011,46,2
00011,96,7
00011,186,2
00011,301,2
00011,428,6
00011,518,6
00011,649,1
00011,652,2
00011,659,1
00011,772,3
00011,796,12
00011,798,11
00011,799,1
00011,835,2
00011,837,2
00011,908,2
00011,909,12
00011,991,12
00011,1119,1
00011,1178,2
00011,1226,4
00012,70,11
00012,181,2
00012,443,7
00012,466,8
00012,755,1
00012,918,2
00012,1115,2
00013,156,10
00013,301,8
00013,314,12
00013,322,6
00013,370,1
00013,443,5
00013,462,3
00013,522,1
00013,643,2
00013,695,6
00013,715,1
00013,719,1
00013,722,2
00013,763,3
00013,764,2
00013,791,9
00013,822,2
00013,900,1
00013,902,5
00013,978,2
00013,1017,1
00013,1033,2
00013,1097,2
00013,1124,4
00014,5,3
00014,89,1
00014,92,2
00014,131,11
00014,135,2
00014,150,12
00014,156,2
00014,203,1
00014,232,1
00014,233,9
00014,234,7
00014,291,2
00014,297,2
00014,314,2
00014,319,1
00014,344,10
00014,345,7
00014,356,2
00014,367,7
00014,370,4
00014,379,2
00014,405,10
00014,413,2
00014,417,7
00014,419,4
00014,421,2
00014,424,2
00014,462,11
00014,465,7
00014,492,2
00014,584,4
00014,602,5
00014,616,7
00014,635,11
00014,662,1
00014,695,1
00014,719,3
00014,777,7
00014,791,11
00014,809,1
00014,815,12
00014,852,12
00014,889,2
00014,899,12
00014,930,4
00014,941,5
00014,1000,2
00014,1008,8
00014,1013,3
00014,1100,12
00014,1117,8
00014,1124,11
00014,1135,6
00014,1206,2
00014,1234,4
00015,17,2
00015,59,11
00015,63,2
00015,72,2
00015,91,2
00015,95,2
00015,97,2
00015,98,2
00015,99,10
00015,135,2
00015,149,5
00015,174,8
00015,197,4
00015,204,12
00015,205,11
00015,226,4
00015,232,1
00015,238,2
00015,266,12
00015,297,2
00015,301,11
00015,322,11
00015,339,11
00015,350,2
00015,354,2
00015,355,10
00015,364,8
00015,370,8
00015,385,12
00015,398,3
00015,408,1
00015,410,7
00015,413,1
00015,414,1
00015,420,2
00015,422,12
00015,423,10
00015,424,1
00015,426,2
00015,434,2
00015,443,12
00015,474,5
00015,545,9
00015,549,10
00015,550,2
00015,601,11
00015,603,3
00015,611,2
00015,642,3
00015,643,2
00015,657,2
00015,673,2
00015,690,9
00015,700,11
00015,720,12
00015,722,9
00015,724,2
00015,725,3
00015,729,2
00015,731,2
00015,735,2
00015,747,3
00015,752,11
00015,763,7
00015,764,4
00015,767,2
00015,792,1
00015,794,2
00015,816,2
00015,822,4
00015,833,2
00015,837,2
00015,844,4
00015,853,2
00015,854,5
00015,857,2
00015,863,4
00015,870,12
00015,875,2
00015,888,2
00015,889,2
00015,900,4
00015,944,6
00015,990,4
00015,993,2
00015,994,8
00015,1000,6
00015,1013,4
00015,1016,4
00015,1027,1
00015,1033,2
00015,1040,4
00015,1093,2
00015,1098,4
00015,1115,4
00015,1162,5
00015,1184,12
00015,1187,2
00015,1192,12
00015,1195,2
00015,1226,4
00015,1232,2
00015,1234,2
00015,1235,8
00016,5,2
00016,10,2
00016,17,2
00016,36,1
00016,41,2
00016,46,6
00016,69,4
00016,72,2
00016,89,12
00016,92,1
00016,95,12
00016,97,2
00016,98,2
00016,126,2
00016,129,7
00016,130,2
00016,132,2
00016,134,2
00016,135,5
00016,148,2
00016,150,2
00016,168,2
00016,181,5
00016,182,12
00016,186,11
00016,189,2
00016,197,2
00016,202,2
00016,205,2
00016,212,2
00016,225,2
00016,226,4
00016,238,3
00016,240,7
00016,255,2
00016,288,2
00016,290,2
00016,292,2
00016,297,2
00016,298,4
00016,301,12
00016,314,7
00016,320,2
00016,322,9
00016,330,2
00016,331,2
00016,333,4
00016,350,3
00016,357,2
00016,359,5
00016,364,10
00016,370,10
00016,376,8
00016,386,2
00016,396,12
00016,398,3
00016,413,2
00016,421,2
00016,424,7
00016,428,6
00016,434,1
00016,443,12
00016,462,1
00016,466,10
00016,468,9
00016,472,1
00016,473,2
00016,475,11
00016,478,3
00016,489,2
00016,490,2
00016,510,2
00016,512,1
00016,518,5
00016,522,6
00016,550,5
00016,553,2
00016,559,2
00016,581,2
00016,582,3
00016,586,2
00016,594,8
00016,615,2
00016,616,2
00016,641,7
00016,642,7
00016,643,3
00016,649,11
00016,656,2
00016,657,4
00016,658,4
00016,659,11
00016,660,4
00016,662,4
00016,673,2
00016,676,4
00016,708,2
00016,709,2
00016,711,2
00016,715,2
00016,719,4
00016,722,9
00016,723,2
00016,724,2
00016,725,2
00016,727,10
00016,729,2
00016,730,2
00016,731,4
00016,735,2
00016,755,5
00016,756,6
00016,758,2
00016,762,1
00016,763,7
00016,764,4
00016,767,2
00016,770,3
00016,772,11
00016,783,2
00016,791,4
00016,797,2
00016,799,12
00016,809,2
00016,810,2
00016,816,3
00016,822,4
00016,834,12
00016,835,2
00016,837,2
00016,844,4
00016,867,1
00016,870,2
00016,872,7
00016,875,2
00016,882,4
00016,888,4
00016,889,4
00016,893,2
00016,896,2
00016,901,7
00016,902,3
00016,919,2
00016,928,2
00016,932,2
00016,935,6
00016,937,4
00016,938,2
00016,941,2
00016,943,3
00016,944,4
00016,970,1
00016,974,1
00016,984,3
00016,990,2
00016,991,2
00016,993,9
00016,994,1
00016,1000,6
00016,1002,3
00016,1016,5
00016,1017,9
00016,1023,4
00016,1033,2
00016,1037,2
00016,1051,2
00016,1066,2
00016,1076,2
00016,1080,4
00016,1098,4
00016,1101,4
00016,1115,4
00016,1135,2
00016,1154,7
00016,1158,2
00016,1189,2
00016,1192,6
00016,1226,6
00016,1232,2
00016,1234,4
00017,49,11
00017,89,7
00017,101,1
00017,128,2
00017,132,2
00017,135,2
00017,153,4
00017,189,2
00017,233,1
00017,238,2
00017,297,2
00017,298,2
00017,301,4
00017,330,2
00017,333,2
00017,357,6
00017,359,7
00017,370,4
00017,428,6
00017,443,3
00017,450,1
00017,506,1
00017,643,3
00017,660,1
00017,662,7
00017,688,10
00017,722,2
00017,729,2
00017,730,3
00017,731,4
00017,735,4
00017,791,9
00017,810,10
00017,816,5
00017,837,2
00017,839,2
00017,845,2
00017,882,4
00017,889,4
00017,897,2
00017,937,2
00017,938,2
00017,941,4
00017,944,4
00017,1000,2
00017,1023,2
00017,1040,2
00017,1069,2
00017,1080,2
00017,1088,4
00017,1101,10
00017,1103,5
00017,1115,2
00017,1187,2
00017,1234,2
00018,129,11
00018,153,2
00018,205,7
00018,226,4
00018,364,1
00018,370,3
00018,414,4
00018,424,4
00018,443,1
00018,642,2
00018,656,4
00018,657,3
00018,658,3
00018,660,3
00018,725,4
00018,816,2
00018,935,3
00018,993,4
00018,994,2
00018,1016,6
00018,1162,3
00019,21,8
00019,49,2
00019,359,5
00019,370,3
00019,398,2
00019,432,9
00019,455,1
00019,487,12
00019,506,12
00019,618,12
00019,626,12
00019,672,11
00019,688,12
00019,693,12
00019,897,12
00019,936,1
00019,944,2
00019,1000,2
00019,1049,10
00019,1103,12
00019,1129,2
00019,1205,2
00020,126,10
00020,133,4
00020,153,4
00020,181,1
00020,207,11
00020,208,11
00020,220,10
00020,278,8
00020,283,3
00020,286,8
00020,287,8
00020,288,3
00020,290,8
00020,292,8
00020,370,2
00020,443,1
00020,538,11
00020,539,8
00020,540,12
00020,544,8
00020,604,1
00020,643,2
00020,711,5
00020,715,5
00020,731,2
00020,758,12
00020,767,1
00020,791,2
00020,823,12
00020,824,4
00020,882,4
00020,919,2
00020,924,12
00020,928,2
00020,944,2
00020,962,12
00020,970,4
00020,1066,12
00020,1080,1
00020,1115,12
00020,1168,12
00020,1189,2
00020,1213,12
00020,1215,12
00020,1234,4
00020,1239,5
00021,68,10
00021,97,4
00021,98,5
00021,181,2
00021,251,10
00021,413,2
00021,416,2
00021,434,2
00021,443,4
00021,551,1
00021,615,2
00021,676,2
00021,708,11
00021,709,12
00021,719,3
00021,722,2
00021,751,2
00021,756,1
00021,757,1
00021,932,2
00021,941,5
00021,1098,4
00021,1115,9
00021,1158,10
00021,1189,2
00022,13,12
00022,39,5
00022,67,2
00022,69,2
00022,104,2
00022,130,12
00022,189,2
00022,197,2
00022,221,2
00022,226,2
00022,237,3
00022,247,1
00022,258,10
00022,262,10
00022,276,12
00022,322,2
00022,325,2
00022,333,2
00022,342,2
00022,343,3
00022,350,1
00022,365,2
00022,370,7
00022,392,2
00022,431,7
00022,464,2
00022,465,2
00022,473,7
00022,478,7
00022,503,5
00022,510,3
00022,512,2
00022,514,4
00022,586,2
00022,590,3
00022,654,3
00022,671,5
00022,682,2
00022,692,12
00022,704,8
00022,713,2
00022,729,2
00022,731,4
00022,735,2
00022,764,9
00022,774,3
00022,788,5
00022,843,5
00022,845,4
00022,871,4
00022,880,7
00022,881,5
00022,882,4
00022,888,4
00022,898,11
00022,908,6
00022,942,2
00022,946,2
00022,968,1
00022,1000,4
00022,1033,2
00022,1040,2
00022,1083,9
00022,1093,2
00022,1114,6
00022,1144,1
00022,1156,6
00022,1166,2
00022,1194,7
00022,1195,2
00023,9,10
00023,10,11
00023,11,3
00023,12,11
00023,34,12
00023,42,12
00023,99,8
00023,162,2
00023,163,2
00023,167,2
00023,198,2
00023,248,2
00023,285,1
00023,322,3
00023,350,4
00023,370,6
00023,426,11
00023,434,9
00023,464,2
00023,509,12
00023,541,12
00023,582,4
00023,583,2
00023,598,4
00023,716,6
00023,780,2
00023,859,7
00023,883,2
00023,888,6
00023,979,12
00023,984,4
00023,1096,3
00023,1114,12
00023,1156,1
00023,1163,2
00024,32,3
00024,72,2
00024,199,2
00024,207,2
00024,210,8
00024,240,2
00024,254,8
00024,331,2
00024,370,2
00024,377,2
00024,411,2
00024,477,2
00024,492,2
00024,522,2
00024,552,4
00024,559,1
00024,611,4
00024,647,12
00024,677,2
00024,724,4
00024,763,2
00024,858,2
00024,913,12
00024,915,9
00024,926,9
00024,934,2
00024,1000,2
00024,1031,5
00024,1109,12
00024,1195,7
00024,1232,2
00025,72,10
00025,74,6
00025,83,4
00025,84,3
00025,106,7
00025,112,2
00025,120,5
00025,141,2
00025,162,4
00025,172,2
00025,198,7
00025,221,2
00025,276,2
00025,370,3
00025,390,1
00025,392,2
00025,411,8
00025,415,2
00025,425,2
00025,431,12
00025,432,4
00025,464,1
00025,465,7
00025,503,7
00025,505,2
00025,530,2
00025,550,2
00025,559,2
00025,566,2
00025,568,2
00025,569,5
00025,622,2
00025,647,11
00025,855,2
00025,858,8
00025,875,2
00025,880,4
00025,881,6
00025,891,2
00025,913,12
00025,915,2
00025,926,9
00025,949,2
00025,977,2
00025,1027,2
00025,1031,2
00025,1083,2
00025,1156,2
00025,1194,7
00025,1195,8
00025,1210,2
00026,74,2
00026,104,11
00026,199,12
00026,221,2
00026,281,12
00026,285,10
00026,328,8
00026,333,2
00026,342,6
00026,343,3
00026,370,1
00026,392,2
00026,431,12
00026,434,2
00026,442,4
00026,465,2
00026,485,1
00026,488,1
00026,490,2
00026,610,11
00026,617,12
00026,665,8
00026,713,1
00026,774,3
00026,807,9
00026,855,1
00026,881,5
00026,942,5
00026,1061,12
00026,1144,12
00026,1166,9
00026,1194,7
00026,1195,2
00027,98,7
00027,179,2
00027,599,12
00027,756,4
00027,858,2
00027,905,11
00027,912,2
00027,913,4
00027,1000,1
00027,1083,1
00027,1096,4
00028,134,2
00028,135,5
00028,136,2
00028,215,8
00028,274,2
00028,300,4
00028,322,4
00028,331,2
00028,333,2
00028,343,2
00028,351,10
00028,352,10
00028,370,8
00028,392,2
00028,398,2
00028,465,2
00028,467,2
00028,477,9
00028,510,2
00028,550,2
00028,559,2
00028,586,2
00028,611,2
00028,665,2
00028,722,7
00028,724,5
00028,729,2
00028,735,2
00028,759,8
00028,763,5
00028,822,9
00028,832,2
00028,837,2
00028,875,2
00028,882,4
00028,913,2
00028,937,2
00028,942,3
00028,944,2
00028,969,2
00028,990,4
00028,1000,7
00028,1033,5
00028,1040,5
00028,1083,8
00028,1093,5
00028,1187,2
00028,1192,5
00028,1222,2
00028,1226,2
00028,1234,5
00029,15,7
00029,100,2
00029,215,11
00029,274,12
00029,300,11
00029,322,12
00029,333,3
00029,343,2
00029,350,2
00029,351,11
00029,352,11
00029,353,8
00029,370,8
00029,385,2
00029,392,2
00029,434,2
00029,442,2
00029,477,5
00029,510,2
00029,553,2
00029,687,1
00029,714,6
00029,722,7
00029,724,5
00029,729,2
00029,759,11
00029,763,7
00029,764,2
00029,788,2
00029,822,5
00029,832,10
00029,837,2
00029,875,2
00029,937,2
00029,942,3
00029,944,7
00029,1000,2
00029,1033,1
00029,1040,3
00029,1083,4
00029,1093,1
00029,1184,1
00029,1192,9
00029,1234,5
00030,117,4
00030,328,3
00030,332,2
00030,433,11
00030,492,2
00030,557,4
00030,586,10
00030,687,1
00030,775,2
00030,880,10
00030,881,2
00030,911,11
00030,942,3
00030,1001,3
00030,1084,1
00030,1224,9
00030,1234,2
00031,43,12
00031,69,2
00031,127,8
00031,128,2
00031,136,5
00031,145,4
00031,168,3
00031,189,8
00031,213,2
00031,226,9
00031,239,12
00031,272,1
00031,330,6
00031,331,4
00031,332,12
00031,359,1
00031,370,6
00031,389,2
00031,433,12
00031,448,11
00031,467,12
00031,512,1
00031,550,2
00031,551,3
00031,557,12
00031,586,12
00031,620,4
00031,628,4
00031,651,10
00031,701,3
00031,722,4
00031,724,2
00031,729,3
00031,735,1
00031,760,12
00031,762,2
00031,764,2
00031,839,9
00031,845,12
00031,882,8
00031,937,3
00031,938,9
00031,940,3
00031,942,7
00031,944,2
00031,999,12
00031,1000,3
00031,1020,11
00031,1022,10
00031,1036,10
00031,1040,7
00031,1084,12
00031,1093,4
00031,1187,3
00031,1224,5
00031,1232,2
00031,1233,12
00031,1234,5
00032,43,2
00032,127,2
00032,128,2
00032,181,2
00032,184,12
00032,189,4
00032,212,3
00032,226,2
00032,239,3
00032,315,2
00032,330,2
00032,331,2
00032,370,2
00032,389,8
00032,433,7
00032,467,2
00032,473,2
00032,489,2
00032,506,1
00032,586,5
00032,722,9
00032,735,2
00032,764,2
00032,882,2
00032,937,2
00032,999,2
00032,1040,3
00032,1093,2
00032,1220,2
00032,1234,3
00033,37,3
00033,65,2
00033,91,12
00033,94,8
00033,96,2
00033,210,8
00033,225,5
00033,297,2
00033,359,5
00033,370,9
00033,403,11
00033,404,4
00033,413,4
00033,465,12
00033,515,2
00033,612,12
00033,637,8
00033,638,8
00033,663,2
00033,719,2
00033,721,12
00033,731,2
00033,763,4
00033,764,4
00033,773,2
00033,793,1
00033,795,2
00033,797,7
00033,811,12
00033,818,8
00033,822,2
00033,825,12
00033,846,2
00033,882,2
00033,888,6
00033,889,4
00033,916,12
00033,920,11
00033,927,9
00033,978,6
00033,981,2
00033,995,7
00033,996,12
00033,1000,1
00033,1023,2
00033,1052,12
00033,1072,2
00033,1098,2
00033,1105,12
00033,1113,12
00033,1122,8
00033,1123,6
00033,1183,9
00033,1186,10
00033,1189,3
00033,1215,1
00033,1234,10
00034,37,12
00034,65,11
00034,76,3
00034,77,1
00034,94,4
00034,135,2
00034,225,4
00034,235,1
00034,236,1
00034,247,1
00034,261,11
00034,277,1
00034,297,2
00034,359,1
00034,403,10
00034,404,12
00034,465,12
00034,471,10
00034,552,2
00034,627,2
00034,637,12
00034,638,12
00034,721,12
00034,773,9
00034,795,12
00034,817,12
00034,818,2
00034,825,1
00034,846,12
00034,916,10
00034,933,2
00034,941,1
00034,944,2
00034,995,12
00034,1000,1
00034,1023,2
00034,1052,3
00034,1186,2
00034,1234,2
00035,32,2
00035,120,1
00035,210,12
00035,811,5
00035,825,1
00035,888,2
00035,913,6
00035,915,7
00035,920,1
00035,926,1
00035,948,1
00035,1105,2
00035,1109,12
00035,1119,2
00036,66,2
00036,325,2
00036,370,4
00036,403,3
00036,612,7
00036,721,2
00036,722,8
00036,724,2
00036,1052,8
00037,3,10
00037,4,2
00037,28,7
00037,33,12
00037,35,11
00037,38,12
00037,65,4
00037,71,6
00037,76,6
00037,116,2
00037,119,2
00037,120,10
00037,131,12
00037,148,2
00037,150,2
00037,158,12
00037,175,12
00037,203,11
00037,220,2
00037,225,12
00037,231,5
00037,233,1
00037,234,12
00037,238,3
00037,247,10
00037,280,9
00037,291,2
00037,294,2
00037,318,12
00037,319,8
00037,333,7
00037,334,4
00037,342,2
00037,345,2
00037,370,5
00037,378,11
00037,379,12
00037,380,12
00037,392,2
00037,403,2
00037,428,4
00037,433,2
00037,443,2
00037,465,12
00037,470,9
00037,476,9
00037,482,12
00037,483,12
00037,491,12
00037,492,12
00037,510,2
00037,512,2
00037,514,2
00037,596,2
00037,600,12
00037,627,8
00037,671,2
00037,697,12
00037,711,1
00037,712,11
00037,717,12
00037,721,2
00037,731,4
00037,774,5
00037,776,2
00037,815,12
00037,817,11
00037,818,2
00037,831,10
00037,835,11
00037,849,12
00037,866,7
00037,871,5
00037,877,12
00037,888,2
00037,930,11
00037,933,6
00037,941,2
00037,942,7
00037,944,1
00037,946,12
00037,991,11
00037,1008,12
00037,1011,5
00037,1014,12
00037,1028,12
00037,1080,2
00037,1126,12
00037,1128,10
00037,1130,2
00037,1131,9
00037,1133,12
00037,1135,4
00037,1174,10
00037,1176,12
00037,1178,11
00037,1182,10
00037,1234,9
00038,14,11
00038,76,2
00038,117,3
00038,142,2
00038,252,1
00038,360,11
00038,370,2
00038,390,12
00038,392,2
00038,444,2
00038,465,9
00038,503,2
00038,505,1
00038,510,2
00038,572,1
00038,573,1
00038,621,2
00038,622,4
00038,627,2
00038,634,10
00038,644,7
00038,646,4
00038,666,3
00038,702,4
00038,729,2
00038,776,2
00038,786,2
00038,856,2
00038,862,2
00038,866,1
00038,873,6
00038,881,2
00038,882,4
00038,888,2
00038,971,9
00038,990,4
00038,1001,2
00038,1024,4
00038,1027,2
00038,1029,2
00038,1059,2
00038,1066,2
00038,1068,10
00038,1072,2
00038,1075,2
00038,1130,10
00038,1136,10
00038,1140,9
00038,1146,3
00038,1148,3
00038,1160,3
00038,1230,2
00038,1234,5
00039,3,2
00039,67,2
00039,74,2
00039,76,2
00039,83,9
00039,84,2
00039,85,11
00039,102,2
00039,107,2
00039,108,4
00039,112,3
00039,135,2
00039,143,2
00039,216,11
00039,217,11
00039,218,11
00039,219,11
00039,221,11
00039,222,9
00039,225,12
00039,226,2
00039,230,6
00039,233,1
00039,235,11
00039,236,11
00039,244,1
00039,248,1
00039,249,10
00039,252,5
00039,254,3
00039,263,5
00039,276,2
00039,277,11
00039,289,10
00039,293,10
00039,297,2
00039,301,2
00039,304,9
00039,306,2
00039,307,4
00039,308,4
00039,338,11
00039,342,4
00039,343,4
00039,356,5
00039,360,1
00039,365,2
00039,366,2
00039,370,2
00039,392,2
00039,404,4
00039,407,11
00039,412,6
00039,420,10
00039,433,6
00039,453,2
00039,465,4
00039,470,9
00039,488,3
00039,490,2
00039,494,4
00039,503,2
00039,505,5
00039,508,3
00039,510,4
00039,529,5
00039,530,2
00039,532,2
00039,534,3
00039,535,2
00039,553,7
00039,560,11
00039,563,4
00039,564,4
00039,565,2
00039,566,2
00039,567,4
00039,568,2
00039,569,2
00039,570,3
00039,571,3
00039,572,2
00039,573,5
00039,576,2
00039,584,9
00039,586,2
00039,608,3
00039,610,2
00039,619,9
00039,621,2
00039,622,4
00039,627,2
00039,639,10
00039,645,8
00039,646,4
00039,647,1
00039,652,2
00039,654,9
00039,702,4
00039,716,4
00039,729,2
00039,738,4
00039,739,4
00039,740,4
00039,744,2
00039,746,4
00039,749,2
00039,776,2
00039,777,3
00039,786,3
00039,845,2
00039,849,2
00039,851,9
00039,862,2
00039,869,6
00039,873,9
00039,881,4
00039,882,4
00039,888,2
00039,889,2
00039,892,2
00039,902,2
00039,918,4
00039,942,2
00039,944,2
00039,949,6
00039,966,5
00039,971,11
00039,990,4
00039,1001,4
00039,1026,2
00039,1027,4
00039,1029,4
00039,1044,2
00039,1066,2
00039,1070,2
00039,1072,2
00039,1076,2
00039,1096,1
00039,1127,5
00039,1135,2
00039,1136,2
00039,1137,8
00039,1139,10
00039,1140,1
00039,1141,9
00039,1146,3
00039,1148,3
00039,1160,1
00039,1161,2
00039,1185,2
00039,1194,2
00039,1209,2
00039,1210,2
00039,1211,6
00039,1222,2
00039,1224,2
00039,1225,8
00039,1230,6
00039,1234,7
00039,1236,2
00039,1238,4
00040,2,1
00040,3,11
00040,4,11
00040,5,1
00040,9,2
00040,10,2
00040,17,2
00040,28,11
00040,32,2
00040,35,1
00040,76,2
00040,77,9
00040,95,6
00040,103,1
00040,105,1
00040,108,1
00040,109,3
00040,112,1
00040,115,1
00040,116,9
00040,119,4
00040,120,2
00040,132,2
00040,142,2
00040,144,2
00040,150,5
00040,151,4
00040,169,2
00040,173,2
00040,189,2
00040,198,1
00040,210,2
00040,225,11
00040,231,11
00040,233,12
00040,235,1
00040,236,1
00040,240,6
00040,248,2
00040,249,1
00040,252,6
00040,254,9
00040,261,1
00040,263,2
00040,277,9
00040,279,1
00040,289,1
00040,291,2
00040,293,3
00040,294,5
00040,297,2
00040,298,2
00040,304,1
00040,308,1
00040,333,2
00040,338,2
00040,344,3
00040,345,2
00040,351,2
00040,352,2
00040,370,4
00040,392,2
00040,404,11
00040,405,11
00040,407,1
00040,413,2
00040,417,5
00040,420,5
00040,434,2
00040,465,12
00040,478,2
00040,479,8
00040,508,4
00040,510,1
00040,515,2
00040,526,1
00040,529,1
00040,532,1
00040,535,2
00040,553,1
00040,560,3
00040,571,1
00040,572,1
00040,573,3
00040,576,2
00040,583,2
00040,613,2
00040,616,2
00040,619,1
00040,645,1
00040,646,1
00040,654,1
00040,673,2
00040,677,2
00040,731,2
00040,735,2
00040,763,2
00040,780,1
00040,785,11
00040,786,11
00040,815,8
00040,849,1
00040,851,2
00040,852,2
00040,869,2
00040,882,2
00040,888,1
00040,899,5
00040,931,1
00040,941,6
00040,942,2
00040,949,2
00040,954,3
00040,956,1
00040,959,1
00040,1000,2
00040,1008,10
00040,1024,2
00040,1027,2
00040,1029,2
00040,1052,3
00040,1080,3
00040,1100,9
00040,1105,4
00040,1109,1
00040,1117,9
00040,1124,7
00040,1126,1
00040,1127,5
00040,1128,1
00040,1130,2
00040,1131,4
00040,1132,2
00040,1133,3
00040,1135,9
00040,1137,7
00040,1139,6
00040,1141,5
00040,1146,1
00040,1148,1
00040,1160,3
00040,1161,1
00040,1192,2
00040,1193,7
00040,1230,5
00040,1234,12
00041,46,1
00041,296,1
00041,301,1
00041,322,1
00041,370,1
00041,392,2
00041,603,10
00041,941,2
00041,998,3
00041,1106,12
00041,1107,12
00041,1108,12
00041,1115,9
00041,1184,1
00041,1190,12
00042,5,2
00042,46,1
00042,57,12
00042,92,11
00042,135,2
00042,209,12
00042,245,5
00042,297,2
00042,301,8
00042,314,1
00042,317,12
00042,322,2
00042,337,9
00042,339,1
00042,370,3
00042,416,11
00042,434,2
00042,443,8
00042,489,2
00042,505,10
00042,509,2
00042,550,2
00042,585,12
00042,586,2
00042,601,2
00042,695,12
00042,719,2
00042,722,4
00042,724,2
00042,731,2
00042,763,2
00042,764,2
00042,770,2
00042,822,2
00042,837,2
00042,888,2
00042,931,5
00042,944,2
00042,1000,2
00042,1033,2
00042,1040,2
00042,1085,5
00042,1093,2
00042,1187,2
00042,1192,2
00042,1232,2
00042,1234,4
00043,3,1
00043,4,1
00043,28,1
00043,54,7
00043,65,1
00043,66,10
00043,91,1
00043,94,1
00043,119,5
00043,124,9
00043,125,12
00043,135,2
00043,137,4
00043,140,12
00043,147,1
00043,172,12
00043,173,6
00043,199,2
00043,221,2
00043,261,3
00043,294,1
00043,301,2
00043,302,3
00043,303,7
00043,307,2
00043,308,1
00043,311,1
00043,324,1
00043,334,1
00043,361,1
00043,370,8
00043,386,2
00043,392,3
00043,404,1
00043,418,11
00043,430,2
00043,440,12
00043,441,12
00043,461,5
00043,471,2
00043,484,2
00043,490,2
00043,493,2
00043,504,12
00043,505,2
00043,522,3
00043,526,3
00043,527,1
00043,560,1
00043,562,1
00043,563,2
00043,568,12
00043,570,2
00043,571,2
00043,575,2
00043,636,2
00043,655,1
00043,693,2
00043,694,1
00043,707,2
00043,714,3
00043,733,2
00043,737,2
00043,741,2
00043,758,2
00043,793,1
00043,795,1
00043,817,1
00043,818,1
00043,864,2
00043,889,2
00043,891,3
00043,913,1
00043,916,1
00043,918,5
00043,921,7
00043,944,2
00043,958,6
00043,960,12
00043,966,4
00043,967,4
00043,975,4
00043,982,2
00043,997,1
00043,1000,4
00043,1080,2
00043,1093,2
00043,1094,2
00043,1121,2
00043,1156,2
00043,1167,3
00043,1172,3
00043,1184,1
00043,1185,2
00043,1199,6
00043,1200,9
00043,1209,2
00043,1216,1
00044,44,12
00044,45,2
00044,53,12
00044,67,7
00044,72,10
00044,74,12
00044,83,4
00044,84,8
00044,106,4
00044,108,2
00044,118,2
00044,121,2
00044,122,3
00044,124,12
00044,125,1
00044,135,2
00044,138,4
00044,142,1
00044,143,11
00044,154,11
00044,166,2
00044,171,11
00044,172,2
00044,190,12
00044,235,7
00044,236,9
00044,242,7
00044,243,7
00044,244,8
00044,257,4
00044,264,6
00044,269,11
00044,276,2
00044,297,2
00044,310,1
00044,312,12
00044,325,6
00044,336,8
00044,360,4
00044,370,2
00044,371,2
00044,381,2
00044,386,11
00044,390,11
00044,392,2
00044,399,7
00044,409,2
00044,411,12
00044,415,7
00044,430,4
00044,435,2
00044,436,8
00044,453,12
00044,465,2
00044,493,3
00044,495,12
00044,503,2
00044,504,12
00044,523,4
00044,528,11
00044,538,2
00044,548,12
00044,561,11
00044,563,2
00044,566,12
00044,567,12
00044,568,12
00044,569,8
00044,570,5
00044,572,5
00044,574,12
00044,575,12
00044,576,1
00044,590,2
00044,608,2
00044,621,12
00044,622,12
00044,623,12
00044,624,11
00044,625,12
00044,634,12
00044,636,12
00044,645,3
00044,647,9
00044,655,12
00044,666,7
00044,691,12
00044,702,12
00044,737,12
00044,743,12
00044,747,2
00044,750,12
00044,765,12
00044,766,12
00044,767,2
00044,786,12
00044,840,12
00044,841,5
00044,847,12
00044,850,12
00044,856,2
00044,858,9
00044,862,2
00044,873,12
00044,875,2
00044,951,12
00044,953,12
00044,961,2
00044,967,12
00044,971,8
00044,973,12
00044,1024,12
00044,1029,12
00044,1030,12
00044,1053,12
00044,1054,2
00044,1055,12
00044,1057,7
00044,1059,12
00044,1070,2
00044,1072,9
00044,1130,4
00044,1136,2
00044,1139,2
00044,1142,6
00044,1144,2
00044,1146,6
00044,1148,10
00044,1156,8
00044,1157,2
00044,1160,11
00044,1185,10
00044,1196,2
00044,1201,12
00044,1202,12
00044,1210,2
00044,1212,2
00044,1222,12
00044,1230,9
00044,1231,5
00045,278,1
00045,283,1
00045,286,1
00045,287,3
00045,288,1
00045,289,6
00045,290,4
00045,292,7
00045,293,6
00045,338,9
00045,538,7
00045,540,2
00045,715,1
00045,758,3
00045,803,11
00045,919,11
00045,924,11
00045,1050,1
00045,1159,12
00045,1168,1
00046,51,12
00046,53,12
00046,370,1
00046,410,3
00046,430,2
00046,500,1
00046,503,10
00046,516,8
00046,553,6
00046,568,2
00046,623,1
00046,702,11
00046,737,12
00046,854,6
00046,856,8
00046,857,4
00046,1196,2
00046,1212,7
00047,15,4
00047,57,2
00047,92,8
00047,118,1
00047,121,1
00047,125,2
00047,163,12
00047,165,4
00047,172,5
00047,183,1
00047,208,2
00047,209,8
00047,245,2
00047,259,1
00047,278,1
00047,279,1
00047,283,1
00047,286,1
00047,287,1
00047,295,9
00047,296,1
00047,301,5
00047,302,1
00047,317,8
00047,337,2
00047,361,2
00047,370,2
00047,406,11
00047,416,2
00047,436,2
00047,505,10
00047,508,7
00047,525,1
00047,585,8
00047,613,7
00047,684,12
00047,694,11
00047,695,7
00047,707,2
00047,781,2
00047,862,1
00047,868,1
00047,906,10
00047,928,1
00047,931,2
00047,971,1
00047,998,3
00047,1000,4
00047,1013,2
00047,1058,8
00047,1075,1
00047,1106,2
00047,1107,2
00047,1108,2
00047,1129,1
00047,1132,1
00047,1165,12
00047,1192,2
00047,1194,1
00047,1206,1
00048,44,2
00048,72,1
00048,74,1
00048,124,8
00048,143,4
00048,154,12
00048,190,1
00048,257,3
00048,312,1
00048,336,12
00048,386,1
00048,422,2
00048,436,12
00048,453,12
00048,493,3
00048,495,8
00048,523,8
00048,548,8
00048,566,2
00048,568,12
00048,576,12
00048,691,2
00048,765,1
00048,766,1
00048,786,1
00048,850,12
00048,967,3
00048,1142,8
00048,1201,2
00048,1231,11
00049,72,1
00049,84,1
00049,138,12
00049,143,12
00049,230,8
00049,313,12
00049,370,1
00049,392,3
00049,393,8
00049,430,1
00049,436,12
00049,440,2
00049,465,2
00049,493,12
00049,503,2
00049,504,10
00049,505,2
00049,523,8
00049,530,2
00049,553,1
00049,562,8
00049,563,8
00049,566,2
00049,568,9
00049,570,4
00049,586,2
00049,608,2
00049,624,12
00049,625,8
00049,691,8
00049,726,1
00049,743,8
00049,749,3
00049,953,10
00049,972,12
00049,1198,12
00050,44,1
00050,259,12
00050,309,1
00050,347,2
00050,435,12
00050,440,4
00050,495,12
00050,505,2
00050,543,1
00050,548,12
00050,568,4
00050,570,2
00050,575,2
00050,601,2
00050,634,2
00050,829,2
00050,848,12
00050,953,10
00050,961,12
00050,973,6
00050,1058,1
00050,1156,7
00050,1157,12
00050,1159,7
00050,1160,2
00051,1,1
00051,11,1
00051,14,1
00051,18,5
00051,19,5
00051,26,10
00051,44,5
00051,51,1
00051,55,1
00051,62,1
00051,63,1
00051,66,2
00051,67,8
00051,72,8
00051,83,2
00051,84,8
00051,85,12
00051,102,3
00051,107,7
00051,108,2
00051,112,11
00051,114,9
00051,122,12
00051,124,4
00051,135,2
00051,137,10
00051,141,12
00051,142,11
00051,177,2
00051,190,2
00051,191,9
00051,196,3
00051,200,2
00051,201,12
00051,214,12
00051,216,1
00051,217,1
00051,218,1
00051,219,1
00051,221,1
00051,222,1
00051,225,12
00051,230,2
00051,235,11
00051,236,9
00051,245,1
00051,249,12
00051,252,1
00051,254,8
00051,263,1
00051,264,3
00051,270,11
00051,276,2
00051,277,7
00051,279,5
00051,281,3
00051,289,1
00051,297,4
00051,302,11
00051,303,11
00051,304,10
00051,305,11
00051,306,12
00051,307,5
00051,308,8
00051,311,2
00051,322,2
00051,325,7
00051,333,5
00051,337,4
00051,343,2
00051,345,1
00051,355,1
00051,360,6
00051,365,9
00051,366,7
00051,370,8
00051,382,2
00051,383,7
00051,386,10
00051,391,3
00051,392,9
00051,400,10
00051,402,2
00051,407,10
00051,415,5
00051,417,4
00051,418,7
00051,419,8
00051,430,5
00051,435,2
00051,437,2
00051,440,2
00051,442,11
00051,444,12
00051,445,12
00051,465,10
00051,481,12
00051,484,9
00051,488,2
00051,490,12
00051,493,3
00051,494,11
00051,495,2
00051,498,9
00051,501,10
00051,502,2
00051,503,3
00051,504,12
00051,505,2
00051,510,2
00051,511,5
00051,517,3
00051,521,5
00051,526,2
00051,528,9
00051,529,9
00051,530,9
00051,531,9
00051,532,10
00051,534,9
00051,535,12
00051,548,2
00051,553,9
00051,560,12
00051,562,5
00051,563,9
00051,564,12
00051,565,12
00051,566,10
00051,568,10
00051,569,12
00051,570,10
00051,571,2
00051,572,12
00051,573,12
00051,574,12
00051,575,12
00051,576,2
00051,589,1
00051,590,3
00051,605,9
00051,608,10
00051,625,2
00051,627,2
00051,636,6
00051,639,3
00051,643,2
00051,646,12
00051,675,3
00051,681,10
00051,685,12
00051,707,2
00051,726,12
00051,733,2
00051,737,1
00051,738,12
00051,739,12
00051,740,12
00051,741,12
00051,744,12
00051,745,2
00051,746,12
00051,747,2
00051,748,12
00051,749,12
00051,779,4
00051,789,7
00051,790,1
00051,793,2
00051,827,12
00051,828,1
00051,829,9
00051,847,2
00051,852,1
00051,856,3
00051,857,1
00051,858,2
00051,861,2
00051,864,7
00051,865,4
00051,866,2
00051,868,2
00051,869,10
00051,875,2
00051,881,2
00051,889,2
00051,891,4
00051,892,11
00051,905,2
00051,918,12
00051,921,12
00051,925,4
00051,926,2
00051,933,2
00051,936,1
00051,949,12
00051,950,12
00051,954,6
00051,956,4
00051,957,12
00051,958,9
00051,966,10
00051,990,2
00051,991,2
00051,1001,2
00051,1024,5
00051,1026,12
00051,1027,1
00051,1044,8
00051,1057,1
00051,1065,2
00051,1070,3
00051,1074,5
00051,1076,12
00051,1079,2
00051,1091,4
00051,1120,8
00051,1127,1
00051,1135,1
00051,1137,1
00051,1139,1
00051,1141,1
00051,1156,8
00051,1167,10
00051,1196,7
00051,1198,2
00051,1199,2
00051,1200,10
00051,1202,1
00051,1203,11
00051,1204,10
00051,1207,11
00051,1208,12
00051,1209,12
00051,1210,7
00051,1211,10
00051,1212,11
00051,1234,4
00051,1236,10
00051,1238,6
00052,406,12
00052,505,1
00053,1,2
00053,11,4
00053,55,2
00053,81,2
00053,160,2
00053,188,2
00053,223,2
00053,228,2
00053,347,3
00053,370,1
00053,401,7
00053,432,9
00053,447,8
00053,505,2
00053,509,2
00053,577,4
00053,590,3
00053,767,4
00053,917,1
00053,987,10
00053,1170,5
00053,1228,4
00053,1229,4
00054,11,12
00054,23,1
00054,55,3
00054,187,5
00054,206,1
00054,211,12
00054,223,9
00054,228,12
00054,229,12
00054,333,3
00054,341,5
00054,347,5
00054,358,12
00054,369,9
00054,382,12
00054,394,7
00054,401,8
00054,402,11
00054,432,12
00054,485,9
00054,488,7
00054,505,3
00054,513,6
00054,547,2
00054,550,2
00054,552,3
00054,577,6
00054,590,3
00054,607,1
00054,613,2
00054,626,3
00054,631,11
00054,632,9
00054,716,5
00054,767,4
00054,771,1
00054,790,2
00054,793,2
00054,806,2
00054,812,11
00054,819,12
00054,860,4
00054,904,11
00054,905,1
00054,917,7
00054,941,4
00054,964,12
00054,990,4
00054,1003,4
00054,1005,10
00054,1007,11
00054,1013,4
00054,1048,11
00054,1060,12
00054,1099,1
00054,1134,10
00054,1163,11
00054,1164,6
00054,1169,10
00054,1171,1
00054,1192,2
00054,1237,1
00055,70,1
00055,232,3
00055,305,1
00055,347,2
00055,358,4
00055,391,6
00055,430,2
00055,432,11
00055,463,3
00055,505,4
00055,521,12
00055,530,11
00055,640,3
00055,675,2
00055,749,1
00055,779,3
00055,820,9
00055,828,5
00055,847,1
00055,890,4
00055,1056,2
00055,1070,3
00055,1156,2
00055,1205,6
00056,55,2
00056,89,2
00056,123,2
00056,135,2
00056,181,7
00056,185,4
00056,212,7
00056,288,2
00056,290,2
00056,292,2
00056,414,1
00056,424,1
00056,432,1
00056,443,1
00056,450,4
00056,758,1
00056,767,12
00056,783,2
00056,794,1
00056,919,1
00056,924,1
00056,925,1
00056,928,1
00056,970,1
00056,972,1
00056,1066,1
00056,1091,5
00056,1093,2
00056,1102,1
00056,1115,1
00056,1234,2
00056,1239,1
00057,1,10
00057,6,2
00057,8,1
00057,11,2
00057,62,1
00057,79,1
00057,80,1
00057,81,1
00057,160,4
00057,177,1
00057,178,4
00057,188,3
00057,200,1
00057,223,9
00057,228,2
00057,282,5
00057,346,7
00057,369,2
00057,370,4
00057,394,6
00057,397,1
00057,415,2
00057,432,7
00057,447,1
00057,513,2
00057,577,1
00057,588,8
00057,590,12
00057,668,1
00057,778,5
00057,784,2
00057,790,8
00057,812,3
00057,833,2
00057,860,5
00057,865,6
00057,890,3
00057,905,5
00057,983,6
00057,986,5
00057,987,7
00057,988,8
00057,989,3
00057,1086,1
00057,1090,1
00057,1091,3
00057,1095,6
00057,1170,4
00057,1171,4
00057,1173,5
00057,1203,3
00058,1,12
00058,6,12
00058,7,12
00058,43,1
00058,48,3
00058,55,7
00058,60,1
00058,62,10
00058,63,6
00058,80,11
00058,81,4
00058,82,7
00058,102,2
00058,111,1
00058,160,12
00058,164,2
00058,178,11
00058,179,6
00058,187,7
00058,188,9
00058,200,6
00058,223,10
00058,228,7
00058,229,6
00058,271,7
00058,282,4
00058,335,4
00058,346,11
00058,347,9
00058,366,1
00058,369,8
00058,370,3
00058,384,2
00058,392,1
00058,394,9
00058,397,1
00058,402,2
00058,415,4
00058,427,2
00058,429,1
00058,432,11
00058,447,11
00058,457,2
00058,463,1
00058,485,2
00058,505,5
00058,511,1
00058,513,4
00058,517,1
00058,550,2
00058,577,11
00058,588,11
00058,589,6
00058,590,12
00058,591,12
00058,609,1
00058,614,9
00058,631,7
00058,668,6
00058,748,1
00058,749,1
00058,769,7
00058,778,11
00058,784,6
00058,790,12
00058,805,2
00058,812,11
00058,820,2
00058,860,12
00058,865,11
00058,874,8
00058,890,11
00058,903,2
00058,905,8
00058,912,2
00058,917,9
00058,964,1
00058,983,12
00058,986,12
00058,987,12
00058,988,12
00058,989,12
00058,990,2
00058,1005,2
00058,1025,3
00058,1077,8
00058,1086,1
00058,1090,1
00058,1091,3
00058,1134,4
00058,1170,10
00058,1171,9
00058,1173,12
00058,1228,2
00058,1234,2
00059,1,4
00059,6,2
00059,11,2
00059,18,3
00059,45,1
00059,48,6
00059,55,12
00059,62,4
00059,63,4
00059,67,2
00059,79,2
00059,80,4
00059,81,6
00059,84,7
00059,102,8
00059,107,7
00059,110,2
00059,111,1
00059,122,3
00059,160,3
00059,164,2
00059,166,2
00059,177,2
00059,179,2
00059,187,4
00059,188,2
00059,191,7
00059,200,2
00059,214,8
00059,223,12
00059,228,8
00059,229,10
00059,245,1
00059,275,5
00059,279,8
00059,281,2
00059,284,10
00059,306,2
00059,333,2
00059,335,4
00059,346,3
00059,347,6
00059,365,8
00059,366,8
00059,369,2
00059,370,5
00059,382,2
00059,386,4
00059,392,3
00059,394,11
00059,397,9
00059,401,11
00059,402,12
00059,415,4
00059,425,1
00059,427,2
00059,430,2
00059,432,11
00059,442,2
00059,444,2
00059,447,4
00059,452,2
00059,465,2
00059,485,4
00059,504,2
00059,505,9
00059,509,10
00059,513,8
00059,521,4
00059,524,2
00059,530,4
00059,565,7
00059,572,5
00059,574,5
00059,577,12
00059,588,6
00059,590,7
00059,591,4
00059,607,2
00059,608,6
00059,609,1
00059,614,4
00059,631,3
00059,668,12
00059,670,9
00059,678,2
00059,679,2
00059,685,1
00059,689,8
00059,738,2
00059,748,2
00059,767,11
00059,769,2
00059,778,3
00059,784,11
00059,790,7
00059,812,12
00059,820,2
00059,827,4
00059,828,2
00059,833,9
00059,860,5
00059,865,11
00059,869,1
00059,874,5
00059,882,2
00059,903,6
00059,905,10
00059,912,2
00059,917,3
00059,936,10
00059,937,2
00059,964,1
00059,977,1
00059,983,5
00059,986,5
00059,987,4
00059,988,5
00059,989,12
00059,990,2
00059,1005,2
00059,1007,2
00059,1025,9
00059,1044,3
00059,1056,1
00059,1060,5
00059,1071,2
00059,1074,11
00059,1075,2
00059,1077,12
00059,1091,3
00059,1095,9
00059,1097,2
00059,1102,9
00059,1134,4
00059,1143,1
00059,1163,7
00059,1170,2
00059,1171,8
00059,1172,5
00059,1173,5
00059,1203,2
00059,1205,6
00059,1228,4
00059,1232,2
00060,17,3
00060,87,1
00060,100,12
00060,155,6
00060,241,10
00060,267,4
00060,322,5
00060,340,4
00060,348,12
00060,354,2
00060,370,2
00060,446,8
00060,519,3
00060,550,2
00060,587,7
00060,597,7
00060,653,3
00060,698,11
00060,722,2
00060,724,2
00060,751,1
00060,764,2
00060,990,6
00060,1000,2
00060,1004,12
00060,1040,2
00060,1041,4
00060,1043,4
00060,1046,4
00060,1047,4
00060,1104,2
00060,1110,5
00060,1192,3
00060,1194,2
00061,10,3
00061,56,2
00061,62,1
00061,63,1
00061,114,1
00061,132,2
00061,187,2
00061,195,12
00061,196,12
00061,197,1
00061,200,4
00061,226,2
00061,298,2
00061,347,2
00061,358,1
00061,370,7
00061,383,12
00061,427,2
00061,432,6
00061,434,2
00061,437,12
00061,439,1
00061,465,6
00061,481,5
00061,490,5
00061,498,5
00061,500,1
00061,501,12
00061,502,12
00061,505,12
00061,511,4
00061,517,2
00061,531,9
00061,532,1
00061,535,1
00061,565,1
00061,570,4
00061,590,4
00061,605,12
00061,668,2
00061,685,12
00061,726,1
00061,735,2
00061,738,1
00061,739,1
00061,741,1
00061,754,11
00061,763,2
00061,767,2
00061,827,1
00061,847,1
00061,864,2
00061,865,2
00061,875,1
00061,882,4
00061,912,2
00061,944,2
00061,969,11
00061,980,1
00061,990,4
00061,1040,2
00061,1079,9
00061,1092,4
00061,1093,4
00061,1098,2
00061,1188,2
00061,1207,1
00061,1208,1
00061,1234,2
00061,1236,2
00062,10,2
00062,17,9
00062,24,2
00062,43,1
00062,56,3
00062,60,1
00062,62,1
00062,63,5
00062,64,6
00062,69,2
00062,72,2
00062,88,1
00062,94,2
00062,110,1
00062,144,4
00062,148,12
00062,155,8
00062,160,2
00062,182,1
00062,192,7
00062,193,9
00062,194,7
00062,197,4
00062,200,4
00062,211,1
00062,224,1
00062,226,8
00062,237,2
00062,238,3
00062,244,2
00062,267,4
00062,297,4
00062,321,2
00062,322,2
00062,330,2
00062,331,5
00062,333,4
00062,340,2
00062,348,6
00062,349,2
00062,354,4
00062,358,2
00062,359,5
00062,370,11
00062,372,2
00062,382,4
00062,383,2
00062,427,2
00062,429,2
00062,434,2
00062,437,8
00062,438,10
00062,446,2
00062,458,1
00062,459,1
00062,460,1
00062,465,1
00062,472,2
00062,473,5
00062,479,1
00062,486,1
00062,505,1
00062,537,2
00062,539,1
00062,550,10
00062,551,2
00062,558,3
00062,559,2
00062,580,2
00062,586,2
00062,590,1
00062,607,8
00062,643,2
00062,663,3
00062,677,1
00062,698,5
00062,703,3
00062,704,2
00062,722,9
00062,724,6
00062,729,2
00062,731,2
00062,734,2
00062,735,2
00062,736,5
00062,761,4
00062,763,7
00062,764,4
00062,767,2
00062,768,5
00062,783,1
00062,787,2
00062,803,4
00062,804,1
00062,806,11
00062,819,2
00062,821,2
00062,822,4
00062,837,5
00062,842,10
00062,843,2
00062,844,4
00062,845,4
00062,870,2
00062,879,2
00062,880,2
00062,882,6
00062,885,2
00062,886,2
00062,888,6
00062,889,4
00062,904,5
00062,907,6
00062,912,2
00062,913,2
00062,914,1
00062,920,2
00062,937,2
00062,941,5
00062,944,2
00062,945,2
00062,964,2
00062,969,1
00062,990,6
00062,1000,6
00062,1022,2
00062,1023,6
00062,1032,2
00062,1033,2
00062,1038,2
00062,1039,2
00062,1040,4
00062,1042,2
00062,1071,2
00062,1073,11
00062,1080,4
00062,1093,2
00062,1104,2
00062,1151,7
00062,1192,2
00062,1195,2
00062,1214,5
00062,1232,2
00062,1234,3
00063,1,2
00063,23,1
00063,62,1
00063,63,1
00063,166,2
00063,322,3
00063,347,8
00063,370,1
00063,374,1
00063,429,12
00063,434,6
00063,437,1
00063,438,2
00063,463,12
00063,490,1
00063,499,8
00063,500,1
00063,501,1
00063,502,1
00063,505,1
00063,592,3
00063,669,1
00063,698,2
00063,704,2
00063,724,2
00063,763,2
00063,803,1
00063,805,3
00063,821,1
00063,922,2
00063,976,7
00063,980,1
00063,1040,2
00063,1091,1
00063,1155,12
00063,1171,6
00063,1192,5
00063,1228,7
00063,1229,7
00064,17,5
00064,20,4
00064,22,12
00064,24,2
00064,64,7
00064,144,3
00064,148,3
00064,155,2
00064,160,2
00064,197,3
00064,227,1
00064,267,2
00064,322,2
00064,331,2
00064,349,2
00064,358,2
00064,370,4
00064,372,12
00064,382,2
00064,434,2
00064,437,12
00064,472,1
00064,550,4
00064,590,2
00064,605,2
00064,606,1
00064,674,1
00064,698,2
00064,703,2
00064,722,1
00064,724,2
00064,768,2
00064,814,12
00064,842,12
00064,844,4
00064,882,2
00064,889,4
00064,907,2
00064,944,2
00064,963,4
00064,1000,4
00064,1033,2
00064,1038,12
00064,1067,2
00064,1071,2
00064,1076,2
00064,1091,4
00064,1093,4
00064,1188,2
00064,1195,12
00065,17,5
00065,20,9
00065,22,6
00065,24,11
00065,64,12
00065,87,6
00065,93,2
00065,132,2
00065,135,2
00065,144,12
00065,148,5
00065,155,11
00065,192,8
00065,194,12
00065,197,5
00065,206,7
00065,211,12
00065,224,1
00065,227,2
00065,238,2
00065,267,2
00065,297,2
00065,322,2
00065,323,4
00065,331,3
00065,341,5
00065,349,10
00065,358,2
00065,368,10
00065,370,9
00065,372,11
00065,383,2
00065,386,2
00065,387,11
00065,388,11
00065,437,12
00065,519,2
00065,539,1
00065,543,2
00065,546,2
00065,550,4
00065,578,12
00065,587,2
00065,597,4
00065,599,2
00065,606,6
00065,611,2
00065,629,2
00065,653,3
00065,674,11
00065,699,8
00065,722,7
00065,736,7
00065,763,2
00065,788,2
00065,803,2
00065,814,6
00065,819,1
00065,821,3
00065,833,2
00065,842,12
00065,882,2
00065,885,10
00065,886,10
00065,889,2
00065,904,8
00065,913,2
00065,963,2
00065,964,5
00065,990,4
00065,1000,4
00065,1006,2
00065,1007,6
00065,1038,12
00065,1042,2
00065,1045,7
00065,1046,10
00065,1048,3
00065,1067,7
00065,1073,12
00065,1092,4
00065,1093,2
00065,1099,7
00065,1149,2
00065,1150,2
00065,1151,9
00065,1153,2
00065,1164,2
00065,1188,2
00065,1195,9
00065,1214,2
00065,1232,2
00065,1234,4
00065,1237,11
00066,1,2
00066,10,2
00066,11,2
00066,13,2
00066,17,5
00066,22,4
00066,63,1
00066,100,7
00066,148,5
00066,155,2
00066,160,2
00066,166,2
00066,187,1
00066,200,5
00066,267,2
00066,322,12
00066,340,6
00066,348,11
00066,350,7
00066,370,11
00066,385,2
00066,427,2
00066,429,12
00066,434,11
00066,446,2
00066,463,6
00066,498,2
00066,558,3
00066,590,2
00066,605,2
00066,607,1
00066,630,2
00066,698,7
00066,722,4
00066,724,4
00066,731,2
00066,736,4
00066,763,6
00066,767,2
00066,771,1
00066,788,2
00066,821,5
00066,837,1
00066,882,4
00066,907,2
00066,912,2
00066,913,2
00066,944,6
00066,969,1
00066,976,1
00066,980,1
00066,990,4
00066,1004,1
00066,1098,2
00066,1104,2
00066,1109,2
00066,1134,2
00066,1155,7
00066,1192,12
00066,1194,3
00066,1195,2
00066,1214,1
00066,1226,2
00067,43,1
00067,61,2
00067,148,11
00067,354,2
00067,370,7
00067,472,6
00067,473,1
00067,519,1
00067,724,4
00067,764,2
00067,842,3
00067,910,7
00067,914,8
00067,1234,4
00068,11,1
00068,64,2
00068,90,8
00068,135,2
00068,195,8
00068,206,9
00068,297,2
00068,327,2
00068,331,2
00068,341,3
00068,349,11
00068,358,2
00068,359,2
00068,370,2
00068,437,1
00068,438,6
00068,543,12
00068,546,6
00068,550,2
00068,607,2
00068,632,2
00068,734,6
00068,819,2
00068,826,2
00068,838,2
00068,882,2
00068,889,4
00068,904,6
00068,913,2
00068,944,2
00068,964,7
00068,969,2
00068,1000,2
00068,1003,12
00068,1040,2
00068,1046,4
00068,1048,3
00068,1093,4
00068,1099,7
00068,1134,1
00068,1149,1
00068,1150,1
00068,1164,4
00068,1172,2
00068,1234,2
00069,193,12
00069,326,2
00069,327,4
00069,359,10
00069,363,11
00069,370,8
00069,438,11
00069,550,2
00069,703,12
00069,724,2
00069,837,2
00069,907,12
00069,944,5
00069,1000,7
00069,1234,5
00070,17,1
00070,327,4
00070,340,12
00070,370,8
00070,438,9
00070,698,12
00070,722,1
00070,804,12
00070,837,2
00070,944,5
00070,952,1
00070,1000,7
00070,1009,12
00070,1032,12
00070,1104,12
00070,1232,2
00070,1234,7
00071,11,1
00071,56,2
00071,148,12
00071,327,2
00071,370,2
00071,547,2
00072,58,5
00072,250,2
00072,323,8
00072,333,2
00072,682,11
00072,683,7
00072,732,12
00072,733,4
00072,837,2
00072,941,2
00072,1000,2
00072,1019,2
00072,1125,2
00073,50,12
00073,224,9
00073,227,12
00073,359,10
00073,370,6
00073,438,9
00073,629,8
00073,630,12
00073,724,2
00073,806,6
00073,843,12
00073,844,12
00073,990,2
00073,1000,2
00073,1093,4
00073,1228,1
00073,1229,1
00073,1234,2
00074,148,8
00074,370,2
00074,724,4
00074,910,11
00074,914,12
00074,1000,2
00074,1093,4
00075,100,2
00075,241,5
00075,273,3
00075,316,12
00075,348,3
00075,354,3
00075,359,6
00075,370,8
00075,446,12
00075,519,4
00075,587,3
00075,597,2
00075,751,2
00075,757,1
00075,837,2
00075,944,5
00075,1043,2
00075,1047,2
00075,1110,7
00075,1234,4
00075,1235,1
00076,329,2
00076,330,1
00076,359,3
00076,370,2
00076,437,11
00076,438,5
00076,606,12
00076,731,2
00076,882,2
00076,889,2
00076,1007,7
00076,1023,2
00076,1039,2
00076,1048,3
00076,1080,2
00076,1134,2
00076,1188,10
00077,25,3
00077,27,12
00077,31,1
00077,50,2
00077,90,9
00077,128,5
00077,135,3
00077,148,2
00077,168,2
00077,195,10
00077,197,2
00077,224,9
00077,226,2
00077,227,6
00077,267,2
00077,297,2
00077,298,2
00077,321,1
00077,323,12
00077,326,1
00077,327,9
00077,329,7
00077,330,5
00077,333,2
00077,359,10
00077,370,8
00077,428,2
00077,437,10
00077,438,10
00077,542,3
00077,546,12
00077,550,2
00077,551,2
00077,558,2
00077,586,2
00077,592,2
00077,629,12
00077,630,10
00077,663,2
00077,722,4
00077,724,2
00077,729,2
00077,731,4
00077,734,12
00077,735,4
00077,754,12
00077,806,2
00077,826,2
00077,837,2
00077,839,2
00077,843,11
00077,844,11
00077,845,4
00077,879,2
00077,882,4
00077,889,4
00077,912,2
00077,937,2
00077,939,8
00077,941,2
00077,944,4
00077,963,7
00077,990,4
00077,1006,12
00077,1012,12
00077,1023,2
00077,1034,12
00077,1035,12
00077,1040,2
00077,1080,2
00077,1092,4
00077,1093,4
00077,1134,2
00077,1138,9
00077,1149,8
00077,1150,6
00077,1152,11
00077,1153,11
00077,1188,2
00077,1220,12
00077,1232,2
00077,1234,7
00078,61,6
00078,65,1
00078,82,2
00078,90,1
00078,93,1
00078,135,1
00078,146,6
00078,152,3
00078,159,9
00078,161,1
00078,179,3
00078,184,2
00078,188,2
00078,238,1
00078,253,7
00078,255,11
00078,265,2
00078,282,4
00078,315,1
00078,320,12
00078,321,1
00078,326,1
00078,330,1
00078,333,1
00078,359,2
00078,370,5
00078,373,11
00078,427,3
00078,438,5
00078,451,2
00078,452,9
00078,459,6
00078,460,2
00078,479,1
00078,556,3
00078,648,1
00078,663,1
00078,680,12
00078,686,6
00078,696,2
00078,718,2
00078,722,2
00078,724,2
00078,731,2
00078,734,2
00078,753,1
00078,800,1
00078,802,10
00078,838,1
00078,884,2
00078,889,2
00078,912,1
00078,944,2
00078,945,1
00078,1010,3
00078,1015,2
00078,1019,1
00078,1021,12
00078,1042,4
00078,1065,1
00078,1069,2
00078,1071,5
00078,1078,4
00078,1081,3
00078,1086,4
00078,1089,4
00078,1090,4
00078,1091,6
00078,1093,4
00078,1111,12
00078,1112,1
00078,1118,2
00078,1179,4
00078,1180,4
00078,1181,12
00078,1227,3
00078,1234,3
00079,65,1
00079,75,2
00079,123,7
00079,132,2
00079,135,3
00079,146,4
00079,148,2
00079,179,2
00079,184,2
00079,255,1
00079,315,1
00079,320,8
00079,330,3
00079,333,2
00079,359,5
00079,370,2
00079,373,5
00079,384,7
00079,427,1
00079,438,7
00079,452,1
00079,648,7
00079,650,10
00079,663,1
00079,826,4
00079,829,2
00079,838,1
00079,882,2
00079,912,1
00079,923,5
00079,944,4
00079,945,7
00079,1000,2
00079,1010,2
00079,1023,2
00079,1065,1
00079,1082,7
00079,1089,2
00079,1091,3
00079,1112,12
00079,1179,3
00079,1181,12
00079,1234,3
00080,61,2
00080,135,1
00080,152,1
00080,159,3
00080,238,3
00080,330,2
00080,333,3
00080,427,1
00080,438,1
00080,451,2
00080,452,1
00080,453,1
00080,458,11
00080,459,1
00080,460,12
00080,612,2
00080,663,1
00080,696,8
00080,722,2
00080,753,9
00080,800,6
00080,884,2
00080,912,2
00080,945,5
00080,1010,2
00080,1042,5
00080,1065,1
00080,1071,3
00080,1078,11
00080,1091,1
00080,1179,1
00080,1180,1
00080,1227,12
00080,1234,5
00081,31,1
00081,90,5
00081,93,1
00081,132,2
00081,135,2
00081,195,2
00081,253,1
00081,321,12
00081,326,5
00081,359,2
00081,370,6
00081,438,7
00081,542,7
00081,546,11
00081,550,2
00081,551,2
00081,586,2
00081,592,1
00081,729,2
00081,731,2
00081,734,12
00081,941,4
00081,944,2
00081,990,4
00081,1092,8
00081,1134,2
00081,1232,2
00081,1234,2
00082,25,12
00082,31,4
00082,90,12
00082,93,12
00082,132,2
00082,135,11
00082,148,2
00082,152,4
00082,159,6
00082,189,2
00082,195,2
00082,197,2
00082,238,2
00082,253,10
00082,297,2
00082,321,12
00082,326,12
00082,327,7
00082,330,2
00082,331,2
00082,333,2
00082,359,10
00082,370,8
00082,427,2
00082,438,12
00082,458,3
00082,542,7
00082,543,5
00082,546,11
00082,550,2
00082,551,2
00082,586,2
00082,592,1
00082,722,2
00082,724,2
00082,729,2
00082,731,2
00082,734,11
00082,826,2
00082,837,2
00082,845,2
00082,879,2
00082,882,2
00082,889,2
00082,904,2
00082,912,2
00082,937,2
00082,941,3
00082,944,3
00082,952,2
00082,963,10
00082,990,2
00082,1000,2
00082,1003,8
00082,1040,2
00082,1078,2
00082,1092,2
00082,1150,2
00082,1188,2
00082,1227,2
00082,1232,2
00082,1234,7
00083,18,9
00083,166,10
00083,187,2
00083,238,1
00083,366,1
00083,370,5
00083,394,1
00083,427,1
00083,430,2
00083,432,9
00083,447,3
00083,463,2
00083,501,2
00083,505,3
00083,517,2
00083,550,2
00083,590,3
00083,609,2
00083,668,2
00083,767,4
00083,905,2
00083,912,2
00083,988,1
00083,989,1
00083,1074,1
00083,1077,3
00083,1091,1
00083,1102,5
00083,1143,6
00083,1170,1
00083,1171,1
00083,1203,9
00084,8,5
00084,160,10
00084,333,1
00084,346,2
00084,384,2
00084,555,2
00084,590,1
00084,778,1
00084,837,2
00084,912,2
00084,922,4
00084,952,1
00084,986,3
00084,1086,2
00084,1112,4
00084,1179,2
00085,29,9
00085,58,6
00085,88,2
00085,98,2
00085,179,4
00085,200,6
00085,202,7
00085,250,1
00085,370,4
00085,427,4
00085,432,2
00085,438,2
00085,469,2
00085,475,7
00085,589,2
00085,590,2
00085,724,2
00085,732,2
00085,733,2
00085,888,2
00085,912,2
00085,941,2
00085,969,2
00085,982,7
00085,983,1
00085,1018,12
00085,1019,1
00085,1022,2
00085,1036,2
00085,1065,2
00085,1118,12
00086,8,10
00086,61,4
00086,85,1
00086,110,7
00086,135,3
00086,148,9
00086,152,6
00086,160,6
00086,200,2
00086,238,2
00086,271,11
00086,330,3
00086,346,8
00086,370,5
00086,384,2
00086,427,2
00086,505,3
00086,554,12
00086,555,2
00086,577,2
00086,586,2
00086,590,9
00086,722,5
00086,731,2
00086,763,3
00086,769,4
00086,922,2
00086,944,3
00086,945,3
00086,952,2
00086,983,6
00086,990,4
00086,1000,3
00086,1015,2
00086,1033,2
00086,1071,2
00086,1077,1
00086,1086,2
00086,1090,2
00086,1091,3
00086,1112,2
00086,1118,2
00086,1173,3
00086,1181,2
00086,1227,2
00086,1232,2
00086,1234,2
00087,187,12
00087,223,4
00087,228,12
00087,229,12
00087,333,3
00087,369,12
00087,370,6
00087,382,1
00087,394,2
00087,401,3
00087,432,11
00087,438,7
00087,485,2
00087,513,3
00087,550,3
00087,590,7
00087,631,4
00087,632,2
00087,668,2
00087,722,2
00087,812,3
00087,819,4
00087,833,2
00087,860,5
00087,945,1
00087,990,2
00087,1005,12
00087,1007,1
00087,1015,10
00087,1025,1
00087,1032,1
00087,1060,7
00087,1071,3
00087,1134,3
00087,1163,2
00087,1169,2
00087,1180,2
00087,1234,2
00088,370,5
00088,443,4
00088,457,12
00088,590,7
00088,614,8
00088,668,2
00088,678,2
00088,679,2
00088,702,1
00088,945,1
00088,990,2
00088,1091,7
00088,1134,2
00088,1144,1
00089,79,5
00089,152,4
00089,176,10
00089,177,2
00089,179,2
00089,260,11
00089,265,4
00089,370,2
00089,469,12
00089,479,2
00089,590,1
00089,706,3
00089,778,1
00089,905,5
00089,912,5
00089,1065,1
00089,1086,2
00090,7,10
00090,160,2
00090,161,2
00090,176,10
00090,177,11
00090,200,9
00090,260,7
00090,265,11
00090,370,2
00090,451,11
00090,479,5
00090,505,2
00090,589,2
00090,590,12
00090,763,2
00090,778,2
00090,874,2
00090,884,12
00090,912,9
00090,987,1
00090,1065,1
00090,1071,2
00090,1086,7
00090,1089,2
00090,1090,5
00090,1091,6
00090,1234,2
00090,1238,1
00091,1,2
00091,3,4
00091,4,4
00091,8,2
00091,9,2
00091,11,3
00091,13,2
00091,15,5
00091,17,3
00091,21,1
00091,29,7
00091,30,1
00091,32,2
00091,33,2
00091,40,4
00091,41,2
00091,45,2
00091,46,3
00091,50,2
00091,56,2
00091,57,11
00091,58,9
00091,59,7
00091,60,2
00091,69,8
00091,78,2
00091,88,10
00091,92,2
00091,94,2
00091,95,12
00091,97,12
00091,98,9
00091,100,4
00091,103,7
00091,105,7
00091,109,7
00091,115,6
00091,116,7
00091,118,4
00091,119,7
00091,121,2
00091,122,2
00091,124,2
00091,128,2
00091,134,2
00091,135,2
00091,139,7
00091,147,2
00091,163,2
00091,166,2
00091,170,2
00091,173,2
00091,174,7
00091,181,2
00091,182,12
00091,183,8
00091,186,8
00091,189,1
00091,199,5
00091,202,5
00091,204,5
00091,211,1
00091,226,2
00091,237,2
00091,240,8
00091,241,5
00091,242,2
00091,243,2
00091,244,2
00091,248,2
00091,250,11
00091,256,2
00091,259,2
00091,261,2
00091,263,2
00091,264,2
00091,265,2
00091,266,11
00091,267,12
00091,268,1
00091,272,2
00091,274,1
00091,275,2
00091,276,2
00091,278,2
00091,279,2
00091,281,2
00091,283,2
00091,286,2
00091,287,2
00091,294,11
00091,297,4
00091,300,1
00091,301,1
00091,314,7
00091,317,6
00091,322,10
00091,331,2
00091,333,2
00091,339,6
00091,348,4
00091,351,2
00091,352,2
00091,353,11
00091,354,3
00091,355,1
00091,359,5
00091,361,2
00091,362,11
00091,364,8
00091,370,11
00091,376,10
00091,381,10
00091,385,8
00091,392,2
00091,395,9
00091,396,9
00091,398,3
00091,405,2
00091,412,4
00091,413,12
00091,416,1
00091,422,10
00091,423,3
00091,426,2
00091,428,1
00091,431,2
00091,434,6
00091,443,4
00091,454,1
00091,455,1
00091,466,5
00091,468,12
00091,473,2
00091,474,7
00091,475,10
00091,478,5
00091,485,1
00091,486,5
00091,489,1
00091,508,3
00091,512,3
00091,538,2
00091,545,2
00091,549,1
00091,550,9
00091,551,2
00091,552,10
00091,553,2
00091,559,3
00091,562,2
00091,579,6
00091,582,2
00091,586,2
00091,594,7
00091,598,9
00091,601,3
00091,603,9
00091,611,5
00091,615,9
00091,626,2
00091,641,6
00091,642,1
00091,643,2
00091,648,2
00091,659,1
00091,667,2
00091,673,1
00091,682,7
00091,683,7
00091,684,6
00091,688,1
00091,690,3
00091,694,1
00091,695,5
00091,700,12
00091,704,2
00091,714,2
00091,719,2
00091,720,5
00091,722,12
00091,724,3
00091,725,2
00091,727,2
00091,728,12
00091,729,2
00091,731,4
00091,732,12
00091,733,11
00091,735,2
00091,751,4
00091,752,6
00091,756,12
00091,759,11
00091,762,2
00091,763,10
00091,764,7
00091,767,2
00091,768,1
00091,770,12
00091,771,2
00091,772,5
00091,773,2
00091,779,2
00091,781,11
00091,782,2
00091,784,7
00091,787,11
00091,788,2
00091,791,4
00091,794,2
00091,796,6
00091,797,10
00091,798,3
00091,799,4
00091,801,11
00091,803,8
00091,808,11
00091,809,2
00091,822,11
00091,833,10
00091,834,1
00091,835,1
00091,836,3
00091,838,2
00091,844,4
00091,854,2
00091,859,11
00091,866,2
00091,867,2
00091,868,2
00091,870,10
00091,872,5
00091,875,2
00091,880,2
00091,882,2
00091,883,1
00091,888,6
00091,893,11
00091,894,2
00091,896,2
00091,897,2
00091,900,5
00091,906,2
00091,913,2
00091,914,2
00091,935,3
00091,941,4
00091,944,2
00091,947,2
00091,965,11
00091,974,10
00091,982,4
00091,985,9
00091,990,6
00091,992,2
00091,993,2
00091,997,12
00091,998,11
00091,1000,11
00091,1018,11
00091,1019,4
00091,1023,2
00091,1033,2
00091,1040,2
00091,1041,2
00091,1043,4
00091,1047,4
00091,1051,2
00091,1054,4
00091,1056,4
00091,1057,4
00091,1058,4
00091,1063,2
00091,1080,4
00091,1085,2
00091,1091,2
00091,1093,4
00091,1095,12
00091,1097,8
00091,1098,8
00091,1103,2
00091,1106,1
00091,1107,1
00091,1108,1
00091,1115,2
00091,1116,2
00091,1118,11
00091,1119,4
00091,1125,5
00091,1134,1
00091,1177,11
00091,1184,10
00091,1186,2
00091,1189,12
00091,1191,3
00091,1192,2
00091,1216,12
00091,1217,12
00091,1219,12
00091,1226,12
00091,1232,2
00091,1234,4
00091,1235,5
00092,17,2
00092,43,2
00092,111,2
00092,130,2
00092,135,7
00092,136,2
00092,148,4
00092,181,2
00092,185,2
00092,189,2
00092,193,2
00092,200,2
00092,213,8
00092,226,5
00092,238,7
00092,258,12
00092,333,6
00092,342,1
00092,354,6
00092,370,7
00092,377,3
00092,392,2
00092,429,2
00092,434,1
00092,446,2
00092,465,3
00092,472,12
00092,473,10
00092,479,1
00092,489,7
00092,492,2
00092,503,2
00092,510,2
00092,514,3
00092,550,3
00092,559,3
00092,586,4
00092,596,2
00092,599,8
00092,607,2
00092,611,6
00092,643,2
00092,653,2
00092,661,12
00092,671,2
00092,687,2
00092,692,1
00092,705,7
00092,722,12
00092,724,6
00092,729,2
00092,731,4
00092,735,2
00092,763,4
00092,764,4
00092,767,2
00092,778,5
00092,783,11
00092,788,1
00092,804,2
00092,806,2
00092,822,1
00092,824,2
00092,826,1
00092,837,2
00092,838,2
00092,839,2
00092,842,8
00092,845,4
00092,856,2
00092,858,3
00092,859,2
00092,879,9
00092,883,2
00092,888,2
00092,889,2
00092,908,1
00092,910,3
00092,914,5
00092,915,1
00092,926,1
00092,930,3
00092,934,4
00092,940,2
00092,941,4
00092,944,2
00092,946,2
00092,952,12
00092,990,6
00092,1000,11
00092,1014,2
00092,1023,4
00092,1031,1
00092,1033,6
00092,1040,2
00092,1066,2
00092,1071,2
00092,1093,4
00092,1147,12
00092,1151,2
00092,1186,2
00092,1188,2
00092,1192,3
00092,1195,11
00092,1226,2
00092,1227,2
00092,1232,7
00092,1234,11
00094,78,3
00094,114,4
00094,122,2
00094,123,2
00094,137,2
00094,192,2
00094,209,3
00094,270,4
00094,277,4
00094,282,2
00094,309,11
00094,311,11
00094,322,2
00094,359,2
00094,370,3
00094,400,2
00094,435,2
00094,436,2
00094,440,12
00094,442,2
00094,494,12
00094,498,9
00094,504,2
00094,505,2
00094,533,2
00094,536,12
00094,571,4
00094,742,12
00094,745,12
00094,789,3
00094,955,11
00094,1016,4
00094,1091,4
00094,1092,4
00094,1121,9
00094,1143,11
00094,1156,7
00094,1158,2
00094,1197,11
00094,1199,11
00094,1200,2
00094,1204,12
00094,1223,7
00095,12,2
00095,30,10
00095,43,1
00095,192,4
00095,257,2
00095,322,1
00095,603,7
00095,606,7
00095,1097,2
00096,9,2
00096,40,4
00096,43,1
00096,75,11
00096,454,12
00096,455,12
00096,520,4
00096,526,3
00096,527,2
00096,673,12
00096,883,1
00096,1087,2
00097,52,1
00097,68,2
00097,135,2
00097,140,3
00097,190,2
00097,392,2
00097,416,4
00097,538,2
00097,539,12
00097,751,7
00097,757,12
00098,145,10
00098,180,7
00098,270,2
00098,272,7
00098,362,4
00098,467,1
00098,595,1
00098,667,4
00098,728,12
00098,782,11
00098,787,5
00098,985,6
00098,1018,1
00098,1019,2
00098,1118,3
00099,268,12
00099,324,12
00099,449,11
00099,992,6
00099,1191,4
00100,59,3
00100,183,12
00100,370,7
00100,579,12
00100,803,3
00100,833,2
00100,1000,9
00100,1017,11
00100,1033,2
00100,1097,3
00100,1232,3
